INSERT INTO Utilisateurs (pseudo, email, nom, prenom, mdp, birth, pays, biographie, attribution) VALUES
    ('manon_du_94','manon@gmail.com','Baha','Manon','swinglpb19','2003-01-19','France','Vive le ciné !', 'propriétaire'),
    ('jana_du_93', 'jana@gmail.com', 'Ayadi', 'Jana', 'caillouchouchou', '2003-10-23', 'France', 'Amatrice de ciné', 'propriétaire'),
    ('cinemafan', 'cinemafan@free.fr', 'Doe', 'John', 'mdpjohn', '1990-05-15', 'France', 'Passionné de cinéma depuis mon enfance.', 'vip'),
    ('cinephile92', 'cinephile92@gmail.com', 'Smith', 'Emily', 'mdpe123', '1985-09-20', 'États-Unis', 'Amatrice de films classiques.', NULL),
    ('moviebuff', 'moviebuff@hotmail.com', 'Johnson', 'Michael', 'mdp1234', '1982-07-10', 'Royaume-Uni', 'Grand amateur de films de science-fiction.', 'modérateur'),
    ('emma_brown', 'cineaddict@yahoo.com', 'Brown', 'Emma', 'mdpemma', '1995-03-28', 'Canada', 'Je vis pour les films. Toujours à la recherche de nouvelles découvertes.', 'vip'),
    ('filmlover', 'filmlover@example.com', 'Williams', 'Daniel', 'mdp456', '1988-12-02', 'Australie', 'Passionné d''arts cinématographiques sous toutes ses formes.', NULL),
    ('soso_tinez', 'cinevore@gmail.com', 'Martinez', 'Sophia', 'mdpsophia', NULL, 'Espagne', 'Dévoreuse de films en tous genres.', 'admin'),
    ('david.lee', 'lee.david@example.com', 'Lee', 'David', 'mdpdavid', '1976-06-30', 'Corée du Sud', 'Réalisateur et cinéphile depuis toujours.', 'modérateur'),
    ('cinemaniac', 'cinemaniac@hotmail.com', 'Garcia', 'Olivia', 'mdpolivia', '1992-04-12', 'Mexique', 'Ma vie tourne autour du cinéma.', 'vip'),
    ('filmgeek', 'filmgeek@gmail.com', 'Rodriguez', 'Lucas', 'mdplucas', '1983-08-25', 'Brésil', 'Geek de films et de séries TV.', 'certifié'),
    ('sarahnguyen', 'cinephile@example.com', 'Nguyen', 'Sarah', 'mdpsarah', NULL, 'Vietnam', 'Cinéphile depuis ma plus tendre enfance.', NULL),
    ('movieaddict', 'movieaddict@yahoo.com', 'Kumar', 'Aarav', 'mdpaarav', '1998-01-20', 'Inde', NULL, 'vip'),
    ('filmfanatic', 'filmfanatic@example.com', 'Chen', 'Sophie', 'mdpsophie', '1979-09-08', 'Chine', NULL, 'certifié'),
    ('cinemalover', 'cinemalover@gmail.com', 'Singh', 'Rohan', 'mdprohan', '1986-02-14', 'Pakistan', 'Amoureux du septième art.', 'admin'),
    ('moviejunkie', 'moviejunkie@hotmail.com', 'Wang', 'Lily', 'mdplily', '1993-06-17', 'Japon', 'Accro aux films de toutes sortes.', 'vip'),
    ('filmfreak', 'filmfreak@example.com', 'Kim', 'Min-Jun', 'mdpkim', '1981-07-22', 'Corée du Sud', 'Fana de cinéma et de séries.', 'certifié'),
    ('cinemaddict', 'cinemaddict@gmail.com', 'Park', 'Ji-Hoon', 'mdppark', '1977-04-03', 'Corée du Sud', 'Mon passe-temps favori : regarder des films.', 'modérateur'),
    ('cinephiliac', 'cinephiliac@yahoo.com', 'Tanaka', 'Yuki', 'mdpyuki', '1991-08-11', 'Japon', 'Cinéphile invétéré.', 'vip'),
    ('chungcool', 'movieenthusiast@hotmail.com', 'Chung', 'Hye-Jin', 'mdphyejin', '1984-12-30', 'Corée du Sud', 'Passionnée par tout ce qui touche au cinéma.', NULL),
    ('filmaddict', 'filmaddict@example.com', 'Nakamura', 'Haruto', 'mdpharuto', NULL, 'Japon', 'Addict au cinéma depuis toujours.', 'admin'),
    ('cinemafreak', 'cinemafreak@gmail.com', 'Sato', 'Aoi', 'mdpsato', '1994-11-07', 'Japon', 'Obsédée par les films.', 'vip'),
    ('hmiyazaki', 'hmiyazaki@example.com', 'Miyazaki', 'Hayao', 'ghibli123', '1941-01-05', 'Japon', 'Réalisateur japonais renommé, cofondateur du Studio Ghibli.', 'modérateur'),
    ('wwenders', 'wwenders@example.com', 'Wenders', 'Wim', 'wim123', '1945-08-14', 'Allemagne', 'Réalisateur allemand, connu pour ses films expérimentaux et sa maîtrise du cinéma d''auteur.', 'vip'),
    ('acuaron', 'acuaron@example.com', 'Cuarón', 'Alfonso', 'cuaron123', '1961-11-28', 'Mexique', 'Réalisateur mexicain primé aux Oscars, célèbre pour des films tels que "Gravity" et "Roma".', 'certifié'),
    ('daronofsky', 'daronofsky@example.com', 'Aronofsky', 'Darren', 'darren123', '1969-02-12', 'États-Unis', 'Réalisateur américain réputé pour ses films provocateurs et psychologiques.', 'modérateur'),
    ('aginarritu', 'aginarritu@example.com', 'Inarritu', 'Alejandro González', 'alejandro123', '1963-08-15', 'Mexique', 'Réalisateur mexicain primé aux Oscars, connu pour ses films dramatiques et puissants.', 'modérateur'),
    ('dchazelle', 'dchazelle@example.com', 'Chazelle', 'Damien', 'damien123', '1985-01-19', 'États-Unis', 'Réalisateur américain, le plus jeune à remporter un Oscar du meilleur réalisateur pour "La La Land".', 'vip'),
    ('ahitchcock', 'ahitchcock@example.com', 'Hitchcock', 'Alfred', 'alfred123', '1899-08-13', 'Royaume-Uni', 'Réalisateur britannique légendaire, maître du suspense et du thriller.', 'modérateur'),
    ('ffellini', 'ffellini@example.com', 'Fellini', 'Federico', 'federico123', '1920-01-20', 'Italie', 'Réalisateur italien célèbre pour ses films surrealistes et fantasques.', 'certifié'),
    ('TheWarnerBrosCie', 'warnerbros@cie.com', NULL, NULL, 'supersecret', NULL, 'États-Unis','yeah', 'certifié'),
    ('GaumontSuperPathe', 'gaumontpathe@cie.com', NULL, NULL, 'supersecret', NULL, 'yihaa','France', 'certifié');



INSERT INTO Artistes (nom, prenom, birth, pays) VALUES
    ('Tarantino', 'Quentin', '1963-03-27', 'États-Unis'),
    ('Spielberg', 'Stephie', '1946-12-18', 'États-Unis'),
    ('Nolan', 'Christopher', '1970-07-30', 'Royaume-Uni'),
    ('Coppola', 'Caterina', '1939-04-07', 'États-Unis'),
    ('Kubrick', 'Stanley', '1928-07-26', 'États-Unis'),
    ('Scorsese', 'Martine', '1942-11-17', 'États-Unis'),
    ('Wright', 'Edgar', '1974-04-18', 'Royaume-Uni'),
    ('Villeneuve', 'Denis', '1967-10-03', 'Canada'),
    ('Anderson', 'Faroudja', '1970-06-26', 'États-Unis'),
    ('Del Toro', 'Guillermo', '1964-10-09', 'Mexique'),
    ('Lee', 'Ang', '1954-10-23', 'Taïwan'),
    ('Almodóvar', 'Pierette', '1949-09-25', 'Espagne'),
    ('Miyazaki', 'Hayao', '1941-01-05', 'Japon'),
    ('Wenders', 'Wim', '1945-08-14', 'Allemagne'),
    ('Cuarón', 'Allana', '1961-11-28', 'Mexique'),
    ('Aronofsky', 'Darren', '1969-02-12', 'États-Unis'),
    ('Inarritu', 'Alejandro González', '1963-08-15', 'Mexique'),
    ('Chazelle', 'Domitie', '1985-01-19', 'États-Unis'),
    ('Hitchcock', 'Alfred', '1899-08-13', 'Royaume-Uni'),
    ('Fellini', 'Federico', '1920-01-20', 'Italie'),
    ('Zeu', 'Catapulte', '1960-12-07', 'États-Unis');



INSERT INTO Entreprises (nom) VALUES
    ('Warner Bros'),
    ('Universal Pictures'),
    ('Paramount Pictures'),
    ('20th Century Studios'),
    ('Sony Pictures Entertainment'),
    ('Walt Disney Pictures'),
    ('Lionsgate'),
    ('Metro-Goldwyn-Mayer (MGM)'),
    ('New Line Cinema'),
    ('DreamWorks Pictures'),
    ('Gaumont Pathé');



INSERT INTO Films (titre, date_sortie) VALUES
    ('Pulp Fiction', '1994-10-14'),
    ('Jurassic Park', '1993-06-11'),
    ('Les 4 Dinosaures', '1993-10-24'),
    ('The Dark Knight', '2008-07-18'),
    ('The Godfather', '1972-03-24'),
    ('Avatar 3', '2025-01-01'), --VERIFIER
    ('2001: A Space Odyssey', '1968-04-02'),
    ('Taxi Driver', '1976-02-08'),
    ('Baby Driver', '2017-06-28'),
    ('Blade Runner', '1982-06-25'),
    ('The Shape of Water', '2017-12-22'),
    ('La La Land', '2016-12-09'),
    ('Oldboy', '2003-11-21'),
    ('The Grand Budapest Hotel', '2014-03-28'),
    ('Pan''s Labyrinth', '2006-05-27'),
    ('Spirited Away', '2001-07-20'),
    ('Wings of Desire', '1987-05-17'),
    ('Gravity', '2013-10-04'),
    ('Black Swan', '2010-12-03'),
    ('Birdman', '2014-08-27'),
    ('Whiplash', '2014-10-10'),
    ('Inception', '2010-07-16'),
    ('The Truman Show', '1998-12-14'),
    ('The Cat Woman', '2001-07-08'),
    ('The Take', '2011-05-30');



INSERT INTO Genres (nom) VALUES
    ('Action'),
    ('Comédie'),
    ('Drame'),
    ('Horreur'),
    ('Science-fiction'),
    ('Fantastique'),
    ('Thriller'),
    ('Animation'),
    ('Documentaire'),
    ('Romance'),
    ('Action - Aventure'),
    ('Comédie romantique'),
    ('Comédie d''action'),
    ('Comédie noire'),
    ('Drame psychologique'),
    ('Drame romantique'),
    ('Drame historique'),
    ('Horreur psychologique'),
    ('Horreur surnaturelle'),
    ('Science-fiction - Action'),
    ('Science-fiction - Horreur'),
    ('Science-fiction - Fantastique'),
    ('Fantastique - Aventure'),
    ('Fantastique - Horreur'),
    ('Thriller psychologique'),
    ('Thriller d''action'),
    ('Thriller criminel'),
    ('Animation - Aventure'),
    ('Animation - Fantastique'),
    ('Animation - Comédie'),
    ('Documentaire politique'),
    ('Documentaire historique'),
    ('Documentaire animalier'),
    ('Romance dramatique'),
    ('Romance d''époque'),
    ('Aventure'),
    ('Horreur-Marrant-Fantastique');



INSERT INTO Discussions (theme) VALUES
    ('Les meilleurs films de tous les temps'),
    ('Analyse de la filmographie de Quentin Tarantino'),
    ('Discussion sur les Oscars de cette année'),
    ('Films cultes des années 80'),
    ('Débat sur les films Marvel vs DC'),
    ('Le cinéma français contemporain'),
    ('Critique de "Tenet" de Christopher Nolan'),
    ('Cinéma d''animation : Pixar vs DreamWorks'),
    ('Le rôle des femmes dans l''industrie du cinéma'),
    ('Adaptations cinématographiques de livres célèbres'),
    ('Best Festival Ever');




INSERT INTO Lieux (nom, adresse, ville, pays, capacite, outside) VALUES
    ('Grauman''s Chinese Theatre', '6925 Hollywood Blvd', 'Los Angeles', 'États-Unis', 1000, 'false'),
    ('Odeon Leicester Square', '24-26 Leicester Square', 'London', 'Royaume-Uni', 800, 'false'),
    ('Palais des Festivals et des Congrès', '1 Boulevard de la Croisette', 'Cannes', 'France', 2000, 'true'),
    ('Cinerama Dome', '6360 Sunset Blvd', 'Los Angeles', 'États-Unis', 800, 'true'),
    ('BFI IMAX', '1 Charlie Chaplin Walk', 'London', 'Royaume-Uni', 500, 'false'),
    ('Ryerson Theatre', '350 Victoria St', 'Toronto', 'Canada', 600, 'false'),
    ('Tokyo International Forum', '3 Chome-5-1 Marunouchi', 'Tokyo', 'Japon', 1500, 'false'),
    ('Piazza Grande', 'Piazza Grande', 'Locarno', 'Suisse', 3000, 'true'),
    ('Chinese Theatre', 'Hollywood Boulevard & Highland Avenue', 'Los Angeles', 'États-Unis', 2000, 'true'),
    ('Ziegfeld Theatre', '141 W 54th St', 'New York', 'États-Unis', 1500, 'false');



INSERT INTO Evenements (nom, debut, fin, prix, lieu, capacite) VALUES
    ('Cannes Film Festival', '2023-05-13', '2023-05-23', 200.00, 4, 600),
    ('Locarno Film Festival', '2024-08-07', '2024-08-17', 150.00, 9, 2000),
    ('Toronto International Film Festival', '2022-09-05', '2024-09-15', 180.00, 6, 250),
    ('Venice Film Festival', '2024-09-02', '2024-09-12', 220.00, 3, 1800),
    ('Sundance Film Festival', '2025-01-23', '2025-02-02', 120.00, 7, 1500),
    ('Berlin International Film Festival', '2025-02-07', '2025-02-17', 170.00, 8, 2200),
    ('Dinosaurus Projection', '2025-09-26', '2025-10-12', 190.00, 10, 1200),
    ('Tokyo International Film Festival', '2025-10-25', '2025-11-03', 160.00, 1, 900),
    ('London Film Festival', '2025-11-07', '2025-11-17', 150.00, 5, 450),
    ('Hollywood Film Awards', '2025-12-02', '2025-12-10', 210.00, 1, 990);



INSERT INTO Publications (u_id, d_id, date_publication, contenu) VALUES
    (7, 1, '2023-05-26 10:00:00', 'Les meilleurs films de tous les temps selon vous ?'),
    (2, 2, '2024-05-26 10:30:00', 'Je ne suis pas assez qualifiée pour ça, mais si quelqu''un l''est ça m''intéresse !'),
    (14, 3, '2024-05-26 11:00:00', 'Partagez vos prédictions pour les Oscars de cette année.'),
    (8, 4, '2024-05-26 11:30:00', 'Quels sont vos films cultes des années 80 ?'),
    (19, 4, '2024-05-26 12:32:00', 'Scarface de Alpacino, sans hésiter.'),
    (9, 5, '2024-05-26 12:37:00', 'Hulk est trop beau'),
    (9, 6, '2024-05-26 12:38:00', 'Pas fou...'),
    (13, 7, '2024-05-26 13:00:00', 'Qu''avez-vous pensé du film ''Tenet'' de Christopher Nolan ?'),
    (21, 8, '2024-05-26 13:30:00', 'Perso je préfère Pixar'),
    (3, 8, '2024-05-26 13:32:00', 'Et moi DreamWorks'),
    (1, 9, '2024-05-26 14:00:00', 'Les femmes c''est important.'),
    (19, 10, '2024-05-26 14:39:00', 'Quelles sont les meilleures adaptations de livres célèbres au cinéma ?'),
    (6, 10, '2024-05-26 14:39:12', 'Je trouve que les livres sont toujours mieux...'),
    (6, 4, '2024-05-26 14:39:59', 'J''aime beaucoup Shining, frissonnant.'),
    (11, 10, '2024-05-26 19:57:32', 'Harry Potter !!!'),
    (18, 10, '2024-05-26 22:21:53', 'Non, pense à "Violine" !');



INSERT INTO Reactions (u_id, p_id, emoji) VALUES
    (1, 1, 'like'),
    (22, 1, 'like'),
    (25, 1, 'like'),
    (26, 1, 'like'),
    (24, 1, 'like'),
    (2, 1, 'thumbdown'),
    (3, 1, 'happy'),
    (4, 2, 'like'),
    (5, 2, 'sad'),
    (6, 3, 'angry'),
    (7, 4, 'like'),
    (8, 4, 'happy'),
    (9, 4, 'thumbup'),
    (10, 5, 'lol'),
    (11, 5, 'thumbup'),
    (12, 6, 'like'),
    (13, 7, 'like'),
    (14, 8, 'like'),
    (15, 8, 'happy'),
    (16, 8, 'thumbup'),
    (17, 9, 'like'),
    (18, 9, 'thumbup'),
    (20, 10, 'sad'),
    (21, 10, 'angry'),
    (22, 10, 'happy'),
    (1, 11, 'like'),
    (2, 11, 'thumbup'),
    (3, 12, 'happy'),
    (4, 12, 'like'),
    (5, 13, 'like'),
    (6, 13, 'thumbup'),
    (7, 14, 'like'),
    (8, 14, 'thumbup'),
    (9, 3, 'happy'),
    (10, 12, 'like'),
    (11, 8, 'like'),
    (12, 9, 'thumbup'),
    (13, 1, 'lol'),
    (14, 5, 'like'),
    (15, 6, 'like'),
    (16, 7, 'thumbup'),
    (17, 8, 'happy'),
    (18, 9, 'like'),
    (20, 12, 'thumbup'),
    (20, 12, 'like');



INSERT INTO Archives (e_id, lien_web) VALUES
    (1, 'http://www.example.com/event1'),
    (2, 'http://www.example.com/event2'),
    (3, 'http://www.example.com/event3'),
    (4, 'http://www.example.com/event4'),
    (5, 'http://www.example.com/event5'),
    (6, 'http://www.example.com/event6'),
    (8, 'http://www.example.com/event8'),
    (9, 'http://www.example.com/event9'),
    (10, 'http://www.example.com/event10');



INSERT INTO AvisFilms (f_id, u_id, notation, commentaire) VALUES
    (1, 1, 4.5, 'J''ai adoré ce film ! Très bien réalisé et captivant.'),
    (1, 2, 3.8, 'Un bon film, mais je m''attendais à un peu plus de suspense.'),
    (2, 3, 4.2, 'Excellent film, plein d''action et de rebondissements.'),
    (2, 4, 4.0, 'Très bon film, mais la fin était un peu prévisible.'),
    (3, 5, 3.5, 'Pas mal, mais l''intrigue aurait pu être mieux développée.'),
    (3, 6, 4.1, 'J''ai beaucoup aimé les effets spéciaux, mais l''histoire était un peu faible.'),
    (4, 7, 4.7, 'Un chef d''œuvre ! Un casting incroyable et une histoire captivante.'),
    (4, 8, 3.9, 'Bon film dans l''ensemble, mais quelques longueurs.'),
    (5, 9, 4.4, 'Excellent film, émouvant et bien interprété.'),
    (5, 10, 4.3, 'Très bon film, mais la fin m''a laissé sur ma faim.'),
    (6, 11, 3.7, 'Pas mal, mais j''ai trouvé certaines scènes un peu clichées.'),
    (6, 12, 3.6, 'Assez divertissant, mais rien de vraiment mémorable.'),
    (18, 25, 5, 'Que dire... Foncez :D'),
    (7, 13, 4.5, 'Un film brillamment réalisé avec des performances exceptionnelles.'),
    (7, 14, 3.8, 'Bon film, mais je m''attendais à un peu plus de suspense.'),
    (8, 15, 4.2, 'Très bon film, bien rythmé et bien joué.'),
    (8, 16, 4.0, 'Un bon film, mais la fin était un peu prévisible.'),
    (9, 17, 3.5, 'Pas mal, mais l''intrigue aurait pu être mieux développée.'),
    (9, 18, 4.1, 'J''ai beaucoup aimé l''atmosphère du film, mais l''histoire était un peu faible.'),
    (10, 19, 4.7, 'Un chef-d''œuvre ! Un casting incroyable et une histoire captivante.'),
    (10, 20, 3.9, 'Bon film dans l''ensemble, mais quelques longueurs.'),
    (10, 17 , 5, 'Incroyable ! A voir absolument !');



INSERT INTO GenresFilms (f_id, g_id) VALUES 
    (1, 3),
    (2, 2), 
    (2, 7),
    (3, 4), 
    (3, 8),
    (4, 1), 
    (4, 5),
    (5, 3), 
    (5, 6),
    (6, 4), 
    (6, 6),
    (7, 5), 
    (7, 9),
    (8, 6), 
    (8, 10),
    (9, 8),
    (10, 4), 
    (10, 7);



INSERT INTO Staff (f_id, a_id, fonction) VALUES
    (1, 1, 'acteur'),
    (1, 2, 'acteur'),
    (1, 3, 'réalisateur'),
    (2, 4, 'acteur'),
    (2, 5, 'acteur'),
    (2, 6, 'réalisateur'),
    (2, 6, 'acteur'),
    (3, 7, 'acteur'),
    (3, 8, 'acteur'),
    (3, 9, 'producteur'),
    (4, 10, 'acteur'),
    (4, 11, 'acteur'),
    (4, 12, 'réalisateur'),
    (5, 13, 'acteur'),
    (5, 14, 'acteur'),
    (5, 15, 'producteur'),
    (6, 16, 'acteur'),
    (6, 17, 'acteur'),
    (6, 18, 'réalisateur'),
    (7, 19, 'acteur'),
    (7, 20, 'acteur'),
    (8, 1, 'acteur'),
    (8, 2, 'acteur'),
    (8, 3, 'réalisateur'),
    (9, 4, 'acteur'),
    (9, 5, 'acteur'),
    (9, 6, 'réalisateur'),
    (9, 6, 'acteur'),
    (10, 7, 'acteur'),
    (10, 8, 'acteur'),
    (10, 9, 'producteur'),
    (23, 21, 'réalisateur'),
    (24, 21, 'réalisateur'),
    (25, 21, 'réalisateur'),
    (1, 21, 'acteur');



INSERT INTO SocietesDeProduction (f_id, ent_id) VALUES
    (2, 2),
    (3, 3),
    (4, 4),
    (5, 5),
    (6, 6),
    (7, 7),
    (8, 8),
    (9, 9),
    (10, 10),
    (11, 11),
    (13, 2),
    (14, 3),
    (15, 4),
    (16, 5),
    (17, 6),
    (18, 7),
    (19, 8),
    (20, 9);



INSERT INTO Programmes (e_id, f_id) VALUES
    (1, 1),
    (2, 2),
    (3, 3),
    (4, 4),
    (5, 5),
    (6, 6),
    (7, 2),
    (7, 3),
    (8, 8),
    (9, 9),
    (10, 10),
    (1, 11),
    (2, 12),
    (3, 13),
    (4, 14),
    (5, 15),
    (6, 16),
    (7, 17),
    (8, 18),
    (9, 19),
    (10, 20);



INSERT INTO Participants (e_id, u_id, inscrit) VALUES
    (1, 1, true),
    (1, 2, true),
    (1, 3, false),
    (2, 4, true),
    (2, 5, true),
    (2, 6, true),
    (3, 7, false),
    (3, 8, true),
    (4, 9, true),
    (5, 10, true),
    (10, 21, false),
    (10, 22, true),
    (1, 23, false),
    (6, 24, true),
    (7, 25, true),
    (8, 26, false),
    (8, 27, true),
    (8, 28, false),
    (8, 29, false),
    (7, 30, true),
    (7, 1, false),
    (7, 2, true),
    (7, 3, true),
    (7, 4, false),
    (7, 5, true),
    (1, 6, false),
    (2, 7, false),
    (7, 8, true),
    (7, 9, true),
    (7, 10, false);



INSERT INTO Organisateurs (e_id, organisateur) VALUES
    (1, 1),
    (2, 2),
    (3, 3),
    (4, 4),
    (5, 5),
    (6,15),
    (7, 32),
    (8, 13),
    (9, 32),
    (10,31);



INSERT INTO Annonces (e_id, d_id) VALUES
    (8,11);



INSERT INTO GenresParents (genre,sousgenre) VALUES
    (1,11),
    (1,13),
    (1,20),
    (1,26),
    (2,12),
    (2,13),
    (2,14),
    (2,30),
    (3,15),
    (3,16),
    (3,17),
    (3,34),
    (4,18),
    (4,19),
    (4,21),
    (4,24),
    (5,20),
    (5,21),
    (5,22),
    (6,22),
    (6,23),
    (6,24),
    (6,29),
    (7,25),
    (7,26),
    (7,27),
    (8,28),
    (8,29),
    (8,30),
    (9,31),
    (9,32),
    (9,33),
    (10,34),
    (10,35),
    (36,11),
    (36,23),
    (36,28),
    (6,37),
    (24,37);




INSERT INTO Relations (follower, followed) VALUES
    (2, 19),
    (7, 14),
    (9, 26),
    (5, 22),
    (3, 15),
    (12, 25),
    (20, 32),
    (4, 29),
    (10, 23),
    (8, 28),
    (13, 24),
    (17, 31),
    (1, 27),
    (6, 11),
    (21, 30),
    (18, 16),
    (2, 32),
    (7, 13),
    (9, 21),
    (5, 8),
    (3, 20),
    (12, 26),
    (15, 22),
    (4, 18),
    (10, 27),
    (19, 29),
    (16, 31),
    (1, 14),
    (6, 25),
    (23, 30),
    (11, 24),
    (17, 28),
    (2, 9),
    (7, 12),
    (3, 19),
    (5, 16),
    (8, 22),
    (13, 32),
    (14, 20),
    (4, 26),
    (10, 31),
    (15, 23),
    (1, 29),
    (6, 18),
    (21, 27),
    (24, 30),
    (11, 17),
    (25, 28),
    (19, 2),
    (14, 7),
    (26, 9),
    (22, 5),
    (15, 3),
    (25, 12),
    (32, 20),
    (29, 4),
    (23, 10),
    (28, 8),
    (24, 13),
    (31, 17),
    (27, 1),
    (11, 6),
    (30, 21),
    (16, 18),
    (32, 2),
    (13, 7),
    (21, 9),
    (8, 5),
    (20, 3),
    (26, 12),
    (22, 15),
    (18, 4),
    (27, 10);



INSERT INTO ComptesArtistes VALUES
    (13,23),
    (14,24),
    (15,25),
    (16,26),
    (17,27),
    (18,28),
    (19,29),
    (20,20);


INSERT INTO ComptesEntreprises VALUES
    (1,31),
    (11,32);

INSERT INTO Conversations VALUES
    (12,13),
    (13,15);

INSERT INTO KeyWords VALUES
    ('Amour'),
    ('Romance'),
    ('Relation'),
    ('Passion'),
    ('Drame'),
    ('Trahison'),
    ('Action'),
    ('Aventure'),
    ('Combat'),
    ('Explosion'),
    ('Suspense'),
    ('Mystère'),
    ('Horreur'),
    ('Peur'),
    ('Surnaturel'),
    ('Fantastique'),
    ('Oscar'),
    ('Nomination'),
    ('Cérémonie'),
    ('Meilleur film'),
    ('Réalisateur'),
    ('Acteur'),
    ('Actrice'),
    ('Scénario'),
    ('Effets spéciaux'),
    ('Blockbuster'),
    ('Classique'),
    ('Culte');

INSERT INTO ArtistsKeywords VALUES
    (1, 'Amour'),
    (2, 'Romance'),
    (3, 'Relation'),
    (4, 'Passion'),
    (5, 'Drame'),
    (6, 'Trahison'),
    (7, 'Action'),
    (8, 'Aventure'),
    (9, 'Combat'),
    (10, 'Explosion'),
    (11, 'Suspense'),
    (12, 'Mystère'),
    (13, 'Horreur'),
    (14, 'Peur'),
    (15, 'Surnaturel'),
    (16, 'Fantastique'),
    (17, 'Oscar'),
    (18, 'Nomination'),
    (19, 'Cérémonie'),
    (20, 'Meilleur film'),
    (21, 'Réalisateur'),
    (1, 'Romance'),
    (2, 'Relation'),
    (3, 'Passion'),
    (4, 'Drame'),
    (5, 'Trahison'),
    (6, 'Action'),
    (7, 'Aventure'),
    (8, 'Combat'),
    (9, 'Explosion'),
    (10, 'Suspense'),
    (11, 'Mystère'),
    (12, 'Horreur'),
    (13, 'Peur'),
    (14, 'Surnaturel'),
    (15, 'Fantastique'),
    (16, 'Oscar'),
    (17, 'Nomination'),
    (18, 'Cérémonie'),
    (19, 'Meilleur film'),
    (20, 'Réalisateur'),
    (21, 'Amour');

INSERT INTO FilmsKeyWords VALUES
    (1, 'Suspense'),
    (2, 'Drame'),
    (3, 'Horreur'),
    (4, 'Action'),
    (5, 'Fantastique'),
    (6, 'Amour'),
    (7, 'Peur'),
    (8, 'Réalisateur'),
    (9, 'Nomination'),
    (10, 'Romance'),
    (11, 'Passion'),
    (12, 'Combat'),
    (13, 'Surnaturel'),
    (14, 'Mystère'),
    (15, 'Explosion'),
    (16, 'Relation'),
    (17, 'Aventure'),
    (18, 'Cérémonie'),
    (19, 'Oscar'),
    (20, 'Trahison'),
    (21, 'Meilleur film'),
    (22, 'Love'),
    (23, 'Relation'),
    (24, 'Passion'),
    (25, 'Action');

INSERT INTO GenresKeyWords VALUES 
    (1, 'Suspense'),
    (2, 'Drame'),
    (5, 'Horreur'),
    (6, 'Action'),
    (9, 'Fantastique'),
    (10, 'Amour'),
    (13, 'Peur'),
    (18, 'Romance'),
    (21, 'Passion'),
    (22, 'Combat'),
    (25, 'Surnaturel'),
    (30, 'Relation'),
    (33, 'Aventure'),
    (34, 'Cérémonie'),
    (37, 'Oscar'),
    (3, 'Trahison'),
    (15, 'Relation'),
    (19, 'Passion'),
    (27, 'Suspense'),
    (35, 'Romance'),
    (4, 'Peur'),
    (8, 'Réalisateur'),
    (12, 'Nomination'),
    (24, 'Amour'),
    (28, 'Aventure'),
    (32, 'Cérémonie'),
    (36, 'Oscar');

INSERT INTO EventsKeyWords VALUES
    (1, 'Suspense'),
    (2, 'Drame'),
    (5, 'Horreur'),
    (6, 'Action'),
    (9, 'Fantastique'),
    (10, 'Amour');












